item_id,period_id,source_type,panel_name,jobdesc_name,work_status,progress,is_included,before_customer_description,after_customer_description
b9e898ce-743a-524d-81be-f2fc94b1958a,2026-04-001,SMS_DB,"BUSI, FILTER BENSIN, FILTER UDARA, INTERCOOLER",CLEANING & PEMASANGAN,DONE,100,1,PELEPASAN + FLUSHING BERSIHKAN FUEL FILTER PERSIAPAN PEMASANGAN KE UNIT,"Pelepasan, flushing, dan pembersihan filter bensin sebagai persiapan pemasangan kembali ke unit telah selesai."
af4e0d04-a59f-5d0f-a542-af7e7f6db059,2026-04-001,SMS_DB,"BUSI, FILTER BENSIN, FILTER UDARA, INTERCOOLER",CLEANING & PEMASANGAN,DONE,100,1,PELEPASAN + PENGECEKAN BUSI PERSIAPAN PERBAIKAN,Pelepasan dan pengecekan busi sebagai persiapan perbaikan telah selesai.
c8f385cf-2025-54cc-9388-9a754786e9c1,2026-04-001,SMS_DB,"BUSI, FILTER BENSIN, FILTER UDARA, INTERCOOLER",CLEANING & PEMASANGAN,DONE,100,1,PELEPASAN FILTER UDARA PERSIAPAN RESTORE,Pelepasan filter udara sebagai persiapan restorasi telah selesai.
51f7a36a-41c8-5523-89c6-c43eaa032e78,2026-04-001,SMS_DB,"BUSI, FILTER BENSIN, FILTER UDARA, INTERCOOLER",CLEANING & PEMASANGAN,DONE,100,1,PELEPASAN INTER COLLER PERSIAPAN TUNE UP ENGINE,Pelepasan intercooler sebagai persiapan tune up mesin telah selesai.
cb0fb989-fec7-5b81-9ed6-47f0c020b711,2026-04-001,SMS_DB,PELEPSAN EVAORATOR DAN FLUSHING JALUR,FLUSHING EVAPORATOR DAN JALUR,DONE,100,1,PEMBONGKARAN EVAPORATOR PERSIAPAN SERVICE SYSTEM AC,Pembongkaran evaporator sebagai persiapan servis sistem AC telah selesai.
da528fb4-8e3c-582b-ba4c-f775e4a1e2a9,2026-04-001,SMS_DB,PELEPSAN EVAORATOR DAN FLUSHING JALUR,FLUSHING EVAPORATOR DAN JALUR,DONE,100,1,FLUSHING JALUR EVAPORATOR PERSIAPAN REPAIR,Flushing jalur evaporator sebagai persiapan perbaikan telah selesai.
8d00b5dc-51bf-5ce1-acbf-04495b0fb5d6,2026-04-001,SMS_DB,"BUSI, FILTER BENSIN, FILTER UDARA, INTERCOOLER",CLEANING & PEMASANGAN,DONE,100,1,PEMASANGAN FILTER UDARA DAN INTER COOLER KE UNIT,Pemasangan filter udara dan intercooler ke unit telah selesai.
07fa88b9-091b-5019-a181-632f3826f4bb,2026-04-001,SMS_DB,"NEPEL POMPA BENSIN, FUEL PUMP ASSY","MODIPIKASI NEPEL, PERAKITAN FUEL PUMP ASSY",DONE,100,1,MODIFIKASI NEPEL + PERAKITAN FUEL PUMP ASSY KE UNIT,Modifikasi nepel dan perakitan fuel pump assembly ke unit telah selesai.
884e6ec4-78a3-5287-b784-dd658ff9d128,2026-04-001,SMS_DB,"BUSI, FILTER BENSIN, FILTER UDARA, INTERCOOLER",CLEANING & PEMASANGAN,DONE,100,1,PEMASANGAN FUEL FILTER KE UNIT,Pemasangan filter bensin ke unit telah selesai.
f5e656cb-6bfa-595e-83fb-98f191fdcb02,2026-04-001,SMS_DB,COVER EVAPORATOR,PREPARE PERSIAPAN PEMASANGAN,DONE,100,1,PERAKITAN EVAPORATOR PERSIAPAN PEMASANGAN KE UNIT,Perakitan evaporator sebagai persiapan pemasangan ke unit telah selesai.
afe764a5-5f50-5ee7-96ad-7a02a96919ae,2026-04-002,SMS_DB,SISTEM AC,PERAKITAN DAN PEMASANGAN,ON_PROGRESS,50,1,PEMASANGAN + SETTING KONDENSOR DAN EVAPORATOR AC KE UNIT,Pemasangan dan penyetelan kondensor dan evaporator AC ke unit masih dalam proses.
b734f50d-dc8f-56aa-96c0-d037534bc1c5,2026-04-002,MANUAL,FENDER DEPAN RH,SANDING + CLEANING + SOL CAT FENDER DEPAN RH DI UNIT,ON_PROGRESS,50,1,SANDING + CLEANING + SOL CAT FENDER DEPAN RH DI UNIT,Pengamplasan dan pembersihan dan pencocokan warna cat fender depan kanan (RH) pada unit masih dalam proses.
ead23641-f581-565f-9c99-555bb3498321,2026-04-002,SMS_DB,SISTEM AC,INSTALASI PIPA AC + SETTING PIPA AC + SETTING PERANGKAT PIPA,ON_PROGRESS,50,1,WELDING + MERAPIKAN PIPA AC DI UNIT,Pengelasan dan perapihan pipa AC pada unit masih dalam proses.
fe13aec3-bbd7-5b8c-a10c-0b1f6d72a0e4,2026-04-002,SMS_DB,SISTEM AC,PERBAIKAN + INSTALASI PIPA AC,ON_PROGRESS,50,1,PENGECEKAN SYSTEM AC DI UNIT,Pengecekan sistem AC pada unit masih dalam proses.
af373822-4966-5278-9c35-4795c09a6d2d,2026-04-002,SMS_DB,PIPA AC,MAKING DAN SETTING,ON_PROGRESS,50,1,MAKING + FITTING PIPA AC DI UNIT,Pembuatan dan penyesuaian pipa AC pada unit masih dalam proses.
40514e0e-c971-504c-b2d9-2fdafc96a3c7,2026-04-003,SMS_DB,SISTEM AC,SETTING PIPA AC,DONE,100,1,WELDING + SETTING PIPA AC KE UNIT,Pengelasan dan penyetelan pipa AC ke unit telah selesai.
71eca4fd-f006-5cfd-bfa4-1dd03264c37b,2026-04-003,MANUAL,FENDER DEPAN RH,SANDING CLEARCOAT + COMPOUND POLES FENDER DEPAN RH DI UNIT,DONE,100,1,SANDING CLEARCOAT + COMPOUND POLES FENDER DEPAN RH DI UNIT,Pengamplasan clearcoat dan compound dan poles fender depan kanan (RH) pada unit telah selesai.
d7815bef-084e-553c-ac68-f8127b088b9f,2026-04-003,SMS_DB,BRACKET KONDENSOR SISTEM AC,MAKING + SETTING,DONE,100,1,FITTING + SETTING BRACKET KONDENSOR AC DI UNIT,Penyesuaian dan penyetelan bracket kondensor AC pada unit telah selesai.
1e659f4b-486e-526a-a9c1-727d2bb07d88,2026-04-003,SMS_DB,MEKANISME LOCK TUTUP FUEL GAS,PEMASANGAN,DONE,100,1,PEMASANGAN + SETTING MEKANISME COVER TUTUP TANKI KE UNIT,Pemasangan dan penyetelan mekanisme cover tutup tanki ke unit telah selesai.
f7b39510-9ea0-5684-8b18-c1e94df91b99,2026-04-003,SMS_DB,COVER TRISPLANG LH,PEMASANGAN,DONE,100,1,PEMASANGAN + SETTING COVER TRISPLANG LH DI UNIT,Pemasangan dan penyetelan cover trisplang LH pada unit telah selesai.
84150f3f-2bf2-529b-9e66-1bcfce6dc18b,2026-04-003,SMS_DB,COVER DEK BAGASI,PERANCANGAN POSISI LUBANG,DONE,100,1,PERANCANGAN COVER DEK BAGASI PERSIAPAN PEMASANGAN,Perancangan cover dek bagasi sebagai persiapan pemasangan telah selesai.
8125ff33-3174-53cd-8119-8a552de906a7,2026-04-003,SMS_DB,KONDENSOR SISTEM AC,CLEANING + MASKING + SPRAY CAT,DONE,100,1,CLEANING + SPRAY CAT KONDENSOR AC PERSIAPAN PEMASANGAN,Pembersihan dan penyemprotan cat kondensor AC sebagai persiapan pemasangan telah selesai.
22fca3a2-25e3-59e5-87df-41c7dfd3c3e7,2026-04-003,SMS_DB,BRACKET KONDENSOR AC,CLEANING+POSPATING+SPRAY EPOXY,DONE,100,1,CLEANING + PHOSPHATING + SPRAY EPOXY HIJAU BRACKET KONDENSOR AC,Pembersihan dan phosphating dan penyemprotan epoxy hijau bracket kondensor AC telah selesai.
e8e09820-9a7b-5c6d-9b2e-3b7004ddeb59,2026-04-003,SMS_DB,BRACKET KONDENSOR SISTEM AC,MAKING,ON_PROGRESS,50,1,MAKING BRACKET KONDENSOR AC PERSIAPAN RESTORE,Pembuatan bracket kondensor AC sebagai persiapan restorasi masih dalam proses.
40be4817-32a5-5fd3-a4a3-5443550aba8d,2026-05-001,SMS_DB,COVER DEK BAGASI,PEMBUATAN LUBANG PIPA AC,DONE,100,1,MAKING LUBANG PIPA AC PADA COVER DEK LANTAI BAGASI DI UNIT,Pembuatan lubang pipa AC pada cover dek lantai bagasi pada unit telah selesai.
fb5160ff-ff6c-5d08-a3ee-c45cf7926ad2,2026-05-001,SMS_DB,BRACKET KONDENSOR SISTEM AC,SANDING EPOXY + CLEANING + SPRAY CAT,DONE,100,1,SANDING EPOXY + SPRAY CAT BRACKET KONDENSOR AC PERSIAPAN PEMASANGAN,Pengamplasan epoxy dan penyemprotan cat bracket kondensor AC sebagai persiapan pemasangan telah selesai.
8eb1ebce-0652-52a6-938d-f99688a334fe,2026-05-001,SMS_DB,KONDENSOR SISTEM AC,PEMASANGAN,DONE,100,1,PEMASANGAN KONDENSOR AC KEUNIT,Pemasangan kondensor AC ke unit telah selesai.
bc71d5f0-6892-5e56-a3f4-1d747bbc6ac3,2026-05-001,SMS_DB,DEK DASHBOARD BAGIAN BAWAH,PERAPIHAN DAN PEMASANGAN,DONE,100,1,PEMASANGAN + PERAPIHAN DEK BAWAH DASBOARD DIUNIT,Pemasangan dan perapihan dek bawah dashboard pada unit telah selesai.
91ee4401-36c3-54fc-809e-435976899761,2026-05-001,SMS_DB,KABEL AREA ENGINE,REPAIR,DONE,100,1,REPAIR + PERAPIHAN KABEL AREA ENGINE DI UNIT,Perbaikan dan perapihan kabel area mesin pada unit telah selesai.
dc6f67df-287a-5673-8395-59da94008e9d,2026-05-001,SMS_DB,COVER BODY BAGASI,PEMASANGAN DAN SETTING,DONE,100,1,PEMASANGAN COVER BODY BAGASI DIUNIT,Pemasangan cover body bagasi pada unit telah selesai.
a1eee716-1565-5fe9-b5fd-8e550f113650,2026-05-001,SMS_DB,"SWITCH REM, BAN","MODIFIKASI SWITCH REM, PEMASANGAN BAN",DONE,100,1,REPAIR + PEMASANGAN SWITCH REM KEUNIT,Perbaikan dan pemasangan saklar rem ke unit telah selesai.
1d1e127f-acac-52ff-8d4a-05ee4f5ad83e,2026-05-001,SMS_DB,COVER KONDENSOR SISTEM AC,MAKING + SETTING,ON_PROGRESS,50,1,MAKING POLA BNETUK COVER KONDENSOR AC PERSIAPAN MAKING,Pembuatan pola cover kondensor AC sebagai persiapan pembuatan masih dalam proses.
fc026d31-5fe3-530a-acc4-9560a11d0505,2026-05-001,SMS_DB,COVER KONDENSOR SISTEM AC,MAKING + SETTING,ON_PROGRESS,50,1,MAKING SST COVER KONDENSOR AC,Pembuatan SST cover kondensor AC masih dalam proses.
03a1b05d-bfe1-5bf5-8afb-eb8b0f6b14bc,2026-05-001,SMS_DB,COVER KONDENSOR SISTEM AC,MAKING + SETTING,ON_PROGRESS,50,1,MAKING COVER KONDENSOR AC PERSIAPAN PEMASANGAN,Pembuatan cover kondensor AC sebagai persiapan pemasangan masih dalam proses.
94c94507-5528-557c-b972-58d63515ad18,2026-05-001,SMS_DB,COVER KONDENSOR SISTEM AC,MAKING + SETTING,ON_PROGRESS,50,1,MAKING + SETTING COVER KONDENSOR AC DI UNIT,Pembuatan dan penyetelan cover kondensor AC pada unit masih dalam proses.
bc8f096a-312c-51a0-a771-04d4f7bc30b2,2026-05-002,SMS_DB,BRACKET PIPA AC,PEMASANGAN,DONE,100,1,MAKING BRACKET PIPA KONDENSOR AC PERSIAPAN PEMASANGAN,Pembuatan bracket pipa kondensor AC sebagai persiapan pemasangan telah selesai.
b713ddc9-bab8-585c-a03a-fa7d0642c8fe,2026-05-002,SMS_DB,SISTEM AC,PENGECEKAN SETELAHTEST DRIVE,DONE,100,1,PENGECEKAN PRESSURE AC HASIL TES DRIVE UNIT,Pengecekan tekanan AC setelah test drive unit telah selesai.
3a65d074-1c50-5186-bf04-a7723f2966d1,2026-05-002,SMS_DB,BRACKET PIPA AC,PEMASANGAN + PEMBUATAN WO,DONE,100,1,PELEPASAN BRACKET PIPA AC PERSIAPAN RESTORE,Pelepasan bracket pipa AC sebagai persiapan restorasi telah selesai.
58c478e7-61d2-5fac-aa67-af94b0868bba,2026-05-002,SMS_DB,BRACKET PIPA AC,PEMASANGAN,DONE,100,1,MAKING BRACKET PIPA AC BAGIAN BELAKANG PERSIAPAN PEMASANGAN,Pembuatan bracket pipa AC bagian belakang sebagai persiapan pemasangan telah selesai.
f297ffb0-c9aa-5884-b3f6-43e015fcee4f,2026-05-002,SMS_DB,BRACKET PENJEPIT PIPA AC,SANDING CLEANING+PHOSPATING+SPRAY EPOXY,DONE,100,1,CLEANING + PHOSPHATING + SPRAY EPOXY HIJAU BRACKET PIPA AC PERSIAPAN SPRAY CAT,Pembersihan dan phosphating dan penyemprotan epoxy hijau bracket pipa AC sebagai persiapan penyemprotan cat telah selesai.
fd09a331-232f-574a-850b-a6f34b97d4e8,2026-05-002,SMS_DB,BRACKET PIPA AC,PEMASANGAN,DONE,100,1,DEMPUL + SANDING DEMPUL + SPRAY EPOXY + SPRAY CAT BRACKET PIPA AC PERSIAPAN PEMASANGAN,Dempul dan pengamplasan dempul dan penyemprotan epoxy dan penyemprotan cat bracket pipa AC sebagai persiapan pemasangan telah selesai.
4ae65133-a49e-5d36-89d4-b3bd3a781bb2,2026-05-002,SMS_DB,BRACKET PIPA AC,PEMASANGAN,DONE,100,1,PEMASANGAN BRACKET PIPA AC KEUNIT,Pemasangan bracket pipa AC ke unit telah selesai.
7b6426a2-f31a-518c-abf3-70b48f65f99d,2026-05-002,SMS_DB,FENDER DEPAN RH,SANDING KUPAS CAT + CLEANING + PHOSPHATING + SPRAY EPOXY,DONE,100,1,CLEANING + PHOSPHATING + SPRAY EPOXY HIJAU FENDER DEPAN RH DIUNIT,Pembersihan dan phosphating dan penyemprotan epoxy hijau fender depan kanan (RH) pada unit telah selesai.
7207bdc2-7d0e-56f6-9bfb-ed8b39bbd679,2026-05-002,SMS_DB,COVER KONDENSOR SISTEM AC,MAKSIMALKAN PERAPIHAN,PENDING,0,1,MAKING POLA BNETUK COVER KONDENSOR AC PERSIAPAN MAKING,Pembuatan pola cover kondensor AC sebagai persiapan pembuatan dijadwalkan untuk dilanjutkan.
78a351b2-fd53-5f1a-a889-cadfc17400a7,2026-05-002,SMS_DB,COVER KONDENSOR SISTEM AC,MAKSIMALKAN PERAPIHAN,PENDING,0,1,MAKING SST COVER KONDENSOR AC,Pembuatan SST cover kondensor AC dijadwalkan untuk dilanjutkan.
730b8c6d-8181-59c8-8bda-d14b90668f28,2026-05-002,SMS_DB,COVER KONDENSOR SISTEM AC,MAKSIMALKAN PERAPIHAN,PENDING,0,1,MAKING COVER KONDENSOR AC PERSIAPAN PEMASANGAN,Pembuatan cover kondensor AC sebagai persiapan pemasangan dijadwalkan untuk dilanjutkan.
8236737e-9cdd-5c0d-bd98-d4d3f28d4365,2026-05-002,SMS_DB,COVER KONDENSOR SISTEM AC,MAKSIMALKAN PERAPIHAN,PENDING,0,1,MAKING + SETTING COVER KONDENSOR AC DI UNIT,Pembuatan dan penyetelan cover kondensor AC pada unit dijadwalkan untuk dilanjutkan.
4455be0d-3804-5812-8c09-204d501abec5,2026-05-003,SMS_DB,COVER KONDENSOR AC,CLEANING + POSPATING + SPRAY EPOXY + SANDING RAPIHKAN + CLEANING + SPRAY CAT + SANDING DEMPUL + CLEANING + SPRAY EPOXY,DONE,100,1,CLEANING + PHOSPHATING + SPRAY EPOXY HIJAU COVER KONDENSOR AC PERSIAPAN SPRAY CAT,Pembersihan dan phosphating dan penyemprotan epoxy hijau cover kondensor AC sebagai persiapan penyemprotan cat telah selesai.
d20210ea-ee6a-5603-981b-939d8dde78da,2026-05-003,SMS_DB,FENDER DEPAN RH,SANDING EPOXY RAPIHKAN,DONE,100,1,SANDING EPOXY + DEMPUL FENDER DEPAN RH DI UNIT,Pengamplasan epoxy dan dempul fender depan kanan (RH) pada unit telah selesai.
10f0cf7c-a744-5756-b251-2c23c1ea52f3,2026-05-003,SMS_DB,COVER KONDENSOR AC,SANDING DEMPUL + CLEANING + SPRAY EPOXY + SANDING EPOXY + DEMPUL,DONE,100,1,SANDING EPOXY + DEMPUL COVER KONDENSOR AC PERSIAPAN SPRAY CAT,Pengamplasan epoxy dan dempul cover kondensor AC sebagai persiapan penyemprotan cat telah selesai.
18f7bbec-bd79-5968-8fdb-b7c6cf7bf042,2026-05-003,SMS_DB,COVER KONDENSOR AC,SANDING DEMPUL + CLEANING + SPRAY EPOXY + SANDING EPOXY + DEMPUL + SANDING EPOXY + PILIHAN DEMPUL PORI PORI + CLEANING + SPRAY CAT DASAR,DONE,100,1,SANDING DEMPUL + MERAPIKAN + SPRAY EPOXY HIJAU COVER KONDENSOR AC PERSIAPAN SPRAY CAT,Pengamplasan dempul dan perapihan dan penyemprotan epoxy hijau cover kondensor AC sebagai persiapan penyemprotan cat telah selesai.
024e58f4-0911-5215-a78f-6ce347dd5d1e,2026-05-003,SMS_DB,COVER KONDENSOR AC,SANDING RAPIHKAN + CLEANING + SPRAY CAT + SANDING DEMPUL + CLEANING + SPRAY EPOXY + SANDING EPOXY + PILIHAN DEMPUL PORI PORI + CLEANING + SPRAY CAT DASAR,DONE,100,1,SANDING EPOXY + SPRAY BASECOAT COVER KONDENSOR PERSIAPAN SPRAY CAT,Pengamplasan epoxy dan penyemprotan basecoat cover kondensor sebagai persiapan penyemprotan cat telah selesai.
f79b7489-b16f-57b2-9d01-dfc78ef846c5,2026-05-003,SMS_DB,FENDER DEPAN RH,SANDING EPOXY RAPIHKAN + CLEANING + MASKING + SPRAY EPOXY PILIHAN,DONE,100,1,SANDING DEMPUL + MERAPIKAN + SPRAY EPOXY HIJAU FENDER DEPAN RH DI UNIT,Pengamplasan dempul dan perapihan dan penyemprotan epoxy hijau fender depan kanan (RH) pada unit telah selesai.
1143e2d3-62d9-59c9-9d50-8a96462c74e7,2026-05-003,SMS_DB,FENDER DEPAN RH,SANDING EPOXY RAPIHKAN,DONE,100,1,SANDING EPOXY + SPRAY BASECOAT FENDER DEPAN RH DI UNIT,Pengamplasan epoxy dan penyemprotan basecoat fender depan kanan (RH) pada unit telah selesai.
a709265f-781a-5851-b1a2-8ad01d4c356c,2026-05-003,SMS_DB,COVER KONDENSOR AC,SANDING RAPIHKAN + CLEANING + SPRAY CAT,DONE,100,1,SANDING POXY + SPRAY CAT COVER KONDENSOR AC PERSIAPAN PEMASANGAN,Pengamplasan epoxy dan penyemprotan cat cover kondensor AC sebagai persiapan pemasangan telah selesai.
2f538b31-af3b-5736-9713-db78c60054b6,2026-05-003,MANUAL,SAFETY BELT,REPAIR + TES FUNGSIONAL SAFETYBELT LH DAN RH PERSIAPAN PEMASANGAN KE UNIT,ON_PROGRESS,50,1,REPAIR + TES FUNGSIONAL SAFETYBELT LH DAN RH PERSIAPAN PEMASANGAN KE UNIT,Perbaikan dan tes fungsional sabuk keselamatan LH dan RH sebagai persiapan pemasangan ke unit masih dalam proses.
4627ce85-de08-54e9-a7a9-70c4331926a7,2026-05-003,MANUAL,SAFETY BELT,PELEPASAN SAFETYBELT RH DAN LH PERSIAPAN RESTORE,ON_PROGRESS,50,1,PELEPASAN SAFETYBELT RH DAN LH PERSIAPAN RESTORE,Pelepasan sabuk keselamatan RH dan LH sebagai persiapan restorasi masih dalam proses.
86aa8ddb-e5df-5686-9f32-f5caf0cfe4f8,2026-05-003,SMS_DB,FENDER DEPAN RH,SANDING EPOXY RAPIHKAN,ON_PROGRESS,50,1,SANDING DEMPUL + MERAPIKAN FENDER DEPAN RH DI UNIT,Pengamplasan dempul dan perapihan fender depan kanan (RH) pada unit masih dalam proses.
e1d2944a-7270-5834-97f7-8ff25fb9439b,2026-05-003,SMS_DB,COVER KONDENSOR AC,SANDING RAPIHKAN + CLEANING + SPRAY CAT + SANDING EPOXY + DEMPUL + SANDING DEMPUL + EPOXY,ON_PROGRESS,50,1,SANDING DEMPUL + MERAPIKAN COVER KONDENSOR AC PERSIAPAN SPRAY CAT,Pengamplasan dempul dan perapihan cover kondensor AC sebagai persiapan penyemprotan cat masih dalam proses.
8d3f24de-7a9b-5488-a4fe-cff0159a3268,2026-05-003,MANUAL,ALL BODY,SANDING EPOXY + MERAPIKAN MOLDING BODY RH DI UNIT,ON_PROGRESS,50,1,SANDING EPOXY + MERAPIKAN MOLDING BODY RH DI UNIT,Pengamplasan epoxy dan perapihan molding body RH pada unit masih dalam proses.
7c2bcb7c-2ac8-5398-b972-ac5900c779a0,2026-05-003,SMS_DB,COVER KONDENSOR AC,SANDING EPOXY + DEMPUL + SANDING DEMPUL + EPOXY,PENDING,0,1,MAKING POLA BNETUK COVER KONDENSOR AC PERSIAPAN MAKING,Pembuatan pola cover kondensor AC sebagai persiapan pembuatan dijadwalkan untuk dilanjutkan.
dddcdd51-0cb4-5406-9c20-14ce833ac05e,2026-05-003,SMS_DB,COVER KONDENSOR AC,SANDING EPOXY + DEMPUL + SANDING DEMPUL + EPOXY,PENDING,0,1,MAKING SST COVER KONDENSOR AC,Pembuatan SST cover kondensor AC dijadwalkan untuk dilanjutkan.
e5c07a82-97b1-5a73-bf66-f84e00a2bb5f,2026-05-003,SMS_DB,COVER KONDENSOR AC,SANDING EPOXY + DEMPUL + SANDING DEMPUL + EPOXY,PENDING,0,1,MAKING COVER KONDENSOR AC PERSIAPAN PEMASANGAN,Pembuatan cover kondensor AC sebagai persiapan pemasangan dijadwalkan untuk dilanjutkan.
c21dc588-f9e4-5dc5-92e5-721807457527,2026-05-003,SMS_DB,COVER KONDENSOR AC,SANDING EPOXY + DEMPUL + SANDING DEMPUL + EPOXY,PENDING,0,1,MAKING + SETTING COVER KONDENSOR AC DI UNIT,Pembuatan dan penyetelan cover kondensor AC pada unit dijadwalkan untuk dilanjutkan.
07dedd36-a4bf-5296-b8c6-ecad894489c2,2026-05-004,SMS_DB,FENDER DEPAN RH,SANDING CAT DASAR RAPIHKAN YANG KURANG KURANG PERSIAPAN CAT JADI,DONE,100,1,SANDING BASECOAT FENDER DEPAN RH DI UNIT PERSIAPAN SPRAY CAT WARNA,Pengamplasan basecoat fender depan kanan (RH) pada unit sebagai persiapan penyemprotan cat warna telah selesai.
2e415222-36d2-5164-a4fc-6fc23b69a1dd,2026-05-004,SMS_DB,COVER KONDENSOR SISTEM AC,PEMASANGAN,DONE,100,1,PEMASANGAN COVER KONDENSOR AC KE UNIT,Pemasangan cover kondensor AC ke unit telah selesai.
242024a5-e51a-5d71-ab64-a427f5b3e36e,2026-05-004,MANUAL,SAFETY BELT,REPAIR + TES FUNGSIONAL SAFETYBELT LH DAN RH PERSIAPAN PEMASANGAN KE UNIT,PENDING,0,1,REPAIR + TES FUNGSIONAL SAFETYBELT LH DAN RH PERSIAPAN PEMASANGAN KE UNIT,Perbaikan dan tes fungsional sabuk keselamatan LH dan RH sebagai persiapan pemasangan ke unit dijadwalkan untuk dilanjutkan.
3447437b-23de-5fd1-ad4e-f997d2a46eea,2026-05-004,MANUAL,SAFETY BELT,PELEPASAN SAFETYBELT RH DAN LH PERSIAPAN RESTORE,PENDING,0,1,PELEPASAN SAFETYBELT RH DAN LH PERSIAPAN RESTORE,Pelepasan sabuk keselamatan RH dan LH sebagai persiapan restorasi dijadwalkan untuk dilanjutkan.
cad4c69e-e7f1-5561-b996-2735de884f56,2026-06-001,SMS_DB,ENGINE,PENGECHECKAN,DONE,100,1,PENGECEKAN ENGINE DI UNIT,Pengecekan mesin pada unit telah selesai.
0d566211-d7de-56a1-b1fa-48b81f8b38d5,2026-06-001,SMS_DB,SAFETY BELT,PEMASANGAN DAN PENGECEKAN,DONE,100,1,PEMASANGAN SAFETYBELT RH DAN LH KE UNIT,Pemasangan sabuk keselamatan RH dan LH ke unit telah selesai.
f9aab0d1-9efe-5b40-a269-0ffaaf2fb1f0,2026-06-001,SMS_DB,WIRING COOL START,MERUBAH JALUR,DONE,100,1,PENGECEKAN + WIRING KABEL COOL START DI UNIT,Pengecekan dan wiring kabel cold start pada unit telah selesai.
9b8e020c-ad7e-5bd5-90a2-8443580c01ab,2026-06-001,SMS_DB,DUDUKAN WARM UP,PEMASANGAN RECOIL M6 2PCS,DONE,100,1,PEMASANGAN DUDUKAN WARM UP KE UNIT,Pemasangan dudukan warm up ke unit telah selesai.
58060655-d661-513a-8d99-6130bdf8ac29,2026-06-001,SMS_DB,WIRING HARNESS COOL START,CHECK JALUR DAN FUNGSIONAL,DONE,100,1,WIRING HARNES + TES FUNGSIONAL COOL START DIUNIT,Wiring harnes dan tes fungsional cold start pada unit telah selesai.
433a3029-0d11-5c93-867f-03f37a5dfc22,2026-06-001,MANUAL,FENDER DEPAN RH,SPRAY CAT + SPRAY CLEARCOAT FENDER DEPAN RH DAN PINTU RH DI UNIT,DONE,100,1,SPRAY CAT + SPRAY CLEARCOAT FENDER DEPAN RH DAN PINTU RH DI UNIT,Penyemprotan cat dan spray clearcoat fender depan kanan (RH) dan pintu RH pada unit telah selesai.
5e00dd50-b3aa-5972-9b82-4e6e654e9545,2026-06-001,SMS_DB,ENGINE,RUNNING,DONE,100,1,SETTING + RUNNING ENGINE DIUNIT,Penyetelan dan uji fungsi mesin pada unit telah selesai.
82e53afc-25c1-5f6e-89b4-ddbac1f8488c,2026-06-001,MANUAL,FENDER DEPAN RH,SANDING + SPRAY CAT FENDER DEPAN RH DI UNIT,DONE,100,1,SANDING + SPRAY CAT FENDER DEPAN RH DI UNIT,Pengamplasan dan penyemprotan cat fender depan kanan (RH) pada unit telah selesai.
f6aae36a-e9bc-5594-b7d3-31ae22966f3a,2026-06-001,MANUAL,PINTU DEPAN RH,SANDING + SPRAY CAT PINTU RH DI UNIT,DONE,100,1,SANDING + SPRAY CAT PINTU RH DI UNIT,Pengamplasan dan penyemprotan cat pintu RH pada unit telah selesai.
4c512923-3256-5c5f-9d34-942ee4ab636c,2026-06-001,SMS_DB,"ENGINE, INLET TURBO","CHECK BUNYI ABNORMAL, PELEPASAN INLET TURBO, PERECAHAN ANALISA KERUSAKAN",DONE,100,1,PELEPASAN INLET TURBO PERSIAPAN ANALISA KERUSAKAN,Pelepasan inlet turbo sebagai persiapan analisa kerusakan telah selesai.
ea056638-f4c9-5d34-a75f-2a125b793c69,2026-06-001,MANUAL,UNIT,PENGECEKAN RAR PERSIAPAN RESTORE,ON_PROGRESS,50,1,PENGECEKAN RAR PERSIAPAN RESTORE,Pengecekan rar sebagai persiapan restorasi masih dalam proses.
8f569634-3443-5dde-8f6c-335356404dd2,2026-06-001,SMS_DB,SAFETY BELT,PEMASANGAN DAN PENGECEKAN,PENDING,0,1,REPAIR + TES FUNGSIONAL SAFETYBELT LH DAN RH PERSIAPAN PEMASANGAN KE UNIT,Perbaikan dan tes fungsional sabuk keselamatan LH dan RH sebagai persiapan pemasangan ke unit dijadwalkan untuk dilanjutkan.
38a0f01f-87fa-5c96-ac8b-c8c42df7a05a,2026-06-001,MANUAL,SAFETY BELT,PELEPASAN SAFETYBELT RH DAN LH PERSIAPAN RESTORE,PENDING,0,1,PELEPASAN SAFETYBELT RH DAN LH PERSIAPAN RESTORE,Pelepasan sabuk keselamatan RH dan LH sebagai persiapan restorasi dijadwalkan untuk dilanjutkan.
16519086-cfcc-540c-af5b-acad22167d4e,2026-06-002,SMS_DB,RUMAH FUEL DISC & PERANGKAT,PEMASANGAN,DONE,100,1,PEMASANGAN FUEL DISCT KEUNIT,Pemasangan fuel disct ke unit telah selesai.
c752cd8d-c724-59ff-9f2e-7839d3e2e55c,2026-06-002,SMS_DB,HOUSING FUEL DISC & FUEL DISC,"PELEPASAN DARI UNIT, PERECAHAN, ANALISA KERUSAKAN, CLEANING, PERAKITAN FUEL DISCK",DONE,100,1,PELEPASAN + PENGECEKAN FUEL DIST PERSIAPAN RESTORE,Pelepasan dan pengecekan fuel dist sebagai persiapan restorasi telah selesai.
3dfa4c33-f0be-5fc6-945e-0a9a51cec11a,2026-06-002,SMS_DB,SHOCK BAGASI,PELEPASAN DAN PEMASANGAN,DONE,100,1,GANTI + PEMASANGAN SHOCK KAP BAGASI KE UNIT,Ganti dan pemasangan shock kap bagasi ke unit telah selesai.
3ba44720-7686-583f-84fc-f880fe27a266,2026-06-002,SMS_DB,INLET TURBO,PERBAIKAN & PERAKITAN,DONE,100,1,PERAKITAN + PEMASANGAN INLET TURBO KE UNIT,Perakitan dan pemasangan inlet turbo ke unit telah selesai.
d8b82455-00dd-540d-bf70-de80b0359b66,2026-06-002,SMS_DB,INLET TURBO,PERBAIKAN & PERAKITAN,DONE,100,1,MAKING PACKING INLET TURBO PERSIAPAN PEMASANGAN,Pembuatan packing inlet turbo sebagai persiapan pemasangan telah selesai.
5f729cec-af86-59d2-9e76-5b54d27b465d,2026-06-002,SMS_DB,INLET TURBO,CLEANING PART,DONE,100,1,CLEANING PERANGKAT INLET TURBO PERSIAPAN PERAKITAN,Pembersihan perangkat inlet turbo sebagai persiapan perakitan telah selesai.
9f149787-c4fc-5ed5-be7e-c278dba4376a,2026-06-002,SMS_DB,BILAH FAN,SANDING RAPIH KAN + DEMPUL,DONE,100,1,SANDING + DEMPUL BILAH FAN RADIATOR DIUNIT,Pengamplasan dan dempul bilah fan radiator pada unit telah selesai.
0f738623-f4a4-53a0-9d9d-92ae5a031411,2026-06-002,SMS_DB,FUEL PUMP RELAY,CEK JALUR DAN REPAIR JALUR,DONE,100,1,CEK JALUR RELAY FUEL PUMP PERSIAPAN PERAKITAN,Pengecekan jalur relay pompa bensin sebagai persiapan perakitan telah selesai.
e01975b2-a637-543d-9427-33c0525ca405,2026-06-002,SMS_DB,FUEL SENDER,PEMBONGKARAN DAN TES FUNGSI,DONE,100,1,PEMBONGKARAN + PENGECEKAN FUEL SENDER DIUNIT,Pembongkaran dan pengecekan fuel sender pada unit telah selesai.
2805528c-4cef-5d0b-9bfa-787db079ec07,2026-06-002,SMS_DB,FUEL SENDER,PEMBONGKARAN DAN TES FUNGSI,DONE,100,1,TES FUNGSIONAL FUEL SENDER DI UNIT,Tes fungsional fuel sender pada unit telah selesai.
df7bbd67-1733-500c-b77e-2fc18cacfd31,2026-06-002,SMS_DB,BILAH FAN,SANDING LEM + MASKING + SPRAY EPOXY,DONE,100,1,SANDING DEMPUL + RAPIKAN + SPRAY EPOXY BILAH FAN RADIATOR PERSIAPAN SPRAY CAT,Pengamplasan dempul dan rapikan dan penyemprotan epoxy bilah fan radiator sebagai persiapan penyemprotan cat telah selesai.
14cb431d-6779-5c61-9782-91bc23e6c990,2026-06-002,MANUAL,UNIT,PENGECEKAN RAR PERSIAPAN RESTORE,PENDING,0,1,PENGECEKAN RAR PERSIAPAN RESTORE,Pengecekan rar sebagai persiapan restorasi dijadwalkan untuk dilanjutkan.
e1053b57-05e7-5b2f-886e-2e7edae4644d,2026-06-002,MANUAL,SAFETY BELT,REPAIR + TES FUNGSIONAL SAFETYBELT LH DAN RH PERSIAPAN PEMASANGAN KE UNIT,PENDING,0,1,REPAIR + TES FUNGSIONAL SAFETYBELT LH DAN RH PERSIAPAN PEMASANGAN KE UNIT,Perbaikan dan tes fungsional sabuk keselamatan LH dan RH sebagai persiapan pemasangan ke unit dijadwalkan untuk dilanjutkan.
1e1c180e-d542-5c14-afed-966802f848b0,2026-06-002,MANUAL,SAFETY BELT,PELEPASAN SAFETYBELT RH DAN LH PERSIAPAN RESTORE,PENDING,0,1,PELEPASAN SAFETYBELT RH DAN LH PERSIAPAN RESTORE,Pelepasan sabuk keselamatan RH dan LH sebagai persiapan restorasi dijadwalkan untuk dilanjutkan.
3457901c-273c-588c-93a2-c28598e51f67,2026-06-003,MANUAL,FENDER DEPAN RH,SANDING CAT + RAPIKAN FENDER DEPAN RH DAN PINTU RH DIUNIT,DONE,100,1,SANDING CAT + RAPIKAN FENDER DEPAN RH DAN PINTU RH DIUNIT,Pengamplasan cat dan rapikan fender depan kanan (RH) dan pintu RH pada unit telah selesai.
d10f1085-1e2e-5bb8-93dd-419c1aab7e15,2026-06-003,SMS_DB,INLET TURBO,PEMASANGAN,DONE,100,1,PEMASANGAN INLET TURBO KEUNIT,Pemasangan inlet turbo ke unit telah selesai.
7949e45e-42bc-53e9-be6c-7778fc02a5e2,2026-06-003,MANUAL,FENDER DEPAN RH,CLEANING + SPRAY CAT + SPRAY CLEARCOAT FENDER DEPAN RH DAN PINTU DEPAN RH DIUNIT,DONE,100,1,CLEANING + SPRAY CAT + SPRAY CLEARCOAT FENDER DEPAN RH DAN PINTU DEPAN RH DIUNIT,Pembersihan dan penyemprotan cat dan spray clearcoat fender depan kanan (RH) dan pintu depan RH pada unit telah selesai.
825dd54b-644a-5458-bb47-cba887a44b75,2026-06-003,SMS_DB,BILAH FAN,MIXING CAT + SPRAY SAMPEL CAT,ON_PROGRESS,50,1,MIXING SPRAY CAT SAMPLE BILAH FAN RADIATOR PERSIAPAN SPRAY CAT,Mixing penyemprotan cat sample bilah fan radiator sebagai persiapan penyemprotan cat masih dalam proses.
fdbf8ab6-2b20-58e5-a4bf-23f794d515f0,2026-06-003,MANUAL,FENDER DEPAN RH,SANDING CAT + CLEANING PINTU RH DAN FENDER DEPAN RH DI UNIT,ON_PROGRESS,50,1,SANDING CAT + CLEANING PINTU RH DAN FENDER DEPAN RH DI UNIT,Pengamplasan cat dan pembersihan pintu RH dan fender depan kanan (RH) pada unit masih dalam proses.
3a1ce03c-b1c9-5ec8-ab4d-a00b64f56b05,2026-06-003,MANUAL,UNIT,PENGECEKAN RAR PERSIAPAN RESTORE,PENDING,0,1,PENGECEKAN RAR PERSIAPAN RESTORE,Pengecekan rar sebagai persiapan restorasi dijadwalkan untuk dilanjutkan.
6d97371f-3e04-5f85-8e17-76870a30f74b,2026-06-003,MANUAL,SAFETY BELT,REPAIR + TES FUNGSIONAL SAFETYBELT LH DAN RH PERSIAPAN PEMASANGAN KE UNIT,PENDING,0,1,REPAIR + TES FUNGSIONAL SAFETYBELT LH DAN RH PERSIAPAN PEMASANGAN KE UNIT,Perbaikan dan tes fungsional sabuk keselamatan LH dan RH sebagai persiapan pemasangan ke unit dijadwalkan untuk dilanjutkan.
d4b4086a-b063-5ddf-b6ac-e06bac8b2093,2026-06-003,MANUAL,SAFETY BELT,PELEPASAN SAFETYBELT RH DAN LH PERSIAPAN RESTORE,PENDING,0,1,PELEPASAN SAFETYBELT RH DAN LH PERSIAPAN RESTORE,Pelepasan sabuk keselamatan RH dan LH sebagai persiapan restorasi dijadwalkan untuk dilanjutkan.
b30cb8f3-f187-565f-922a-86d4e7aa2e9d,2026-06-004,MANUAL,PINTU DEPAN RH,SANDING CLEARCOAT FENDER DEPAN DAN PINTU RH DI UNIT,DONE,100,1,SANDING CLEARCOAT FENDER DEPAN DAN PINTU RH DI UNIT,Pengamplasan clearcoat fender depan dan pintu RH pada unit telah selesai.
dde1b117-a3eb-5d53-911a-b180071b58b5,2026-06-004,SMS_DB,FUSE BOX,PERAPIHAN DAN PEMASANGAN,DONE,100,1,SETTING + PERAPIHAN FUSE BOX DI UNIT,Penyetelan dan perapihan fuse box pada unit telah selesai.
c609ac53-90bf-5178-aeeb-80e0425f3607,2026-06-004,SMS_DB,BILAH FAN,SANDING + CLEANING + MASKING + SOL CAT,DONE,100,1,SANDING EPOXY + CLEANING + SPRAY CAT BILAH FAN RADIATOR DI UNIT,Pengamplasan epoxy dan pembersihan dan penyemprotan cat bilah fan radiator pada unit telah selesai.
1ef5bb87-597d-58a2-8f06-d0f79a4a154e,2026-06-004,SMS_DB,HEADLAMP RH,PERAKITAN,DONE,100,1,PERAKITAN HEADLAMP RH PERSIAPAN PEMASANGAN,Perakitan headlamp kanan (RH) sebagai persiapan pemasangan telah selesai.
0ace554c-0537-5ab8-bcdc-b99863782747,2026-06-004,SMS_DB,HANDLE PINTU RH DAN SPION RH,PEMASANGAN,DONE,100,1,PEMASANGAN + SETTING HANDLE PINTU RH DAN SPION RH KE UNIT,Pemasangan dan penyetelan handle pintu RH dan spion kanan (RH) ke unit telah selesai.
2b3583af-74c8-5fc3-a5a2-bd5df278598e,2026-06-004,SMS_DB,KARET HEADLAMP BAGIAN DALAM RH,MAKING,DONE,100,1,MAKING KARET HANDLE HEADLAMP RH BAGIAN DALAM PERSIAPAN PEMASANGAN,Pembuatan karet handle headlamp kanan (RH) bagian dalam sebagai persiapan pemasangan telah selesai.
05a4889e-d238-55de-ab89-f5f8582e96b0,2026-06-004,SMS_DB,HEADLAMP RH,PEMASANGAN DAN SETING KE UNIT + PERAKITAN & PEMASANGAN,DONE,100,1,PEMASANGAN + SETTING HEADLAMP RH KE UNIT,Pemasangan dan penyetelan headlamp kanan (RH) ke unit telah selesai.
1fbf9f9b-b4d1-556e-9106-91f468941b02,2026-06-004,MANUAL,PINTU DEPAN RH,SANDING + COMPOUND POLES FENDER DEPAN DAN PINTU RH DI UNIT,DONE,100,1,SANDING + COMPOUND POLES FENDER DEPAN DAN PINTU RH DI UNIT,Pengamplasan dan compound dan poles fender depan dan pintu RH pada unit telah selesai.
caffef7e-a422-5a30-a15a-f8777856e7f3,2026-06-004,SMS_DB,HANDLE PINTU RH DAN SPION RH,PEMASANGAN,DONE,100,1,PEMASANGAN + SETTING SKUN KABEL SPION RH DI UNIT,Pemasangan dan penyetelan skun kabel spion kanan (RH) pada unit telah selesai.
2a81da9b-6e31-54f0-853f-8e73861197e6,2026-06-004,SMS_DB,DOORTRIM DEPAN RH,PEMASANGAN,DONE,100,1,PEMASANGAN DOORTRIM RH KE UNIT,Pemasangan door trim kanan (RH) ke unit telah selesai.
130df8d2-651a-5ff8-9043-9f7015d01de0,2026-06-004,SMS_DB,PLASTIK MIKA DOORTRIM DEPAN RH,PEMASANGAN,DONE,100,1,PEMASANGAN PLASTIK MIKA DOORTRIM RH KEUNIT,Pemasangan plastik mika door trim kanan (RH) ke unit telah selesai.
5308829b-4985-5e21-9db8-c57e4ade86c5,2026-06-004,SMS_DB,SAFETY BELT,SETTING / PENYETELAN,DONE,100,1,SETTING KEKURANGAN SAFETYBELT DI UNIT,Penyetelan kekurangan sabuk keselamatan pada unit telah selesai.
df7d76a4-0feb-5bf3-bcde-cb0f89a5ae13,2026-06-004,SMS_DB,PERANGKAT ELEKTRIKAL KABEL BODY,PENGECEKAN DAN PERBAIKAN + PENGECEKAN,ON_PROGRESS,50,1,PENGECEKAN JALUR KABEL BODY AREA RUANGAN BAGASI DI UNIT,Pengecekan jalur kabel body area ruangan bagasi pada unit masih dalam proses.
cd3d2ff0-ed37-5d46-a393-7d40e3a66523,2026-06-004,SMS_DB,KABEL BODY,PERAPIHAN JALUR + PEMASANGAN KABEL.BODY ENGINE,ON_PROGRESS,50,1,PERAPIHAN KABEL BODY RUANGAN BAGASI DI UNIT,Perapihan kabel body ruangan bagasi pada unit masih dalam proses.
b315f055-a211-5de2-97a5-36880e1b08fb,2026-06-004,SMS_DB,FUSE BOX,PEMASANGAN FUSE BOX,ON_PROGRESS,50,1,PEMASANGAN ELECTRIKAL FUSE BOX DI UNIT,Pemasangan kelistrikan fuse box pada unit masih dalam proses.
e404849f-4656-5dc2-9fe5-045c177cd732,2026-06-004,SMS_DB,ENGINE,SETTING ENGINE PERSIAPAN TEST DRIVE,ON_PROGRESS,50,1,SETTING ENGINE PERSIAPAN TEST DRIVE,Penyetelan mesin sebagai persiapan test drive masih dalam proses.
32003032-14bf-51e1-9985-7c9cc4506a5c,2026-06-004,SMS_DB,FUSE BOX,PERAPIHAN DAN PEMASANGAN,ON_PROGRESS,50,1,PERAPIHAN FUSEBOX DI UNIT,Perapihan fuse box pada unit masih dalam proses.
dcb24d2c-0d56-52ff-92fb-ffb0494b1463,2026-06-004,SMS_DB,BAGASI,PERAPIHAN,ON_PROGRESS,50,1,MERAPIKAN RUANGAN BAGASI DI UNIT,Perapihan ruangan bagasi pada unit masih dalam proses.
1868a296-94b2-5646-afdc-11d9a46bcd75,2026-06-004,SMS_DB,SPION LH,PELEPASAN DAN PERBAIKAN,ON_PROGRESS,50,1,PEMBONGKARAN + REPAIR SPION LH DI UNIT,Pembongkaran dan perbaikan spion kiri (LH) pada unit masih dalam proses.
3ce5579d-ed84-5f45-940b-a52660adb62a,2026-07-001,SMS_DB,POWER MIRROR,REPAIR DAN SETTING,DONE,100,1,REPAIR + SETTING POWER MIRROR LH DI UNIT,Perbaikan dan penyetelan spion elektrik LH pada unit telah selesai.
375ba465-840f-5c5d-a349-63d1d8f36563,2026-07-001,MANUAL,BAGASI,PENGECEKAN JALUR KABEL BODY AREA RUANGAN BAGASI DI UNIT,PENDING,0,1,PENGECEKAN JALUR KABEL BODY AREA RUANGAN BAGASI DI UNIT,Pengecekan jalur kabel body area ruangan bagasi pada unit dijadwalkan untuk dilanjutkan.
e7a8253c-1f5b-5734-bcbd-9259ca0b5085,2026-07-001,MANUAL,BAGASI,PERAPIHAN KABEL BODY RUANGAN BAGASI DI UNIT,PENDING,0,1,PERAPIHAN KABEL BODY RUANGAN BAGASI DI UNIT,Perapihan kabel body ruangan bagasi pada unit dijadwalkan untuk dilanjutkan.
2e9e9eff-2655-57a7-a17b-bc5ab7a9aae9,2026-07-001,MANUAL,FUSE BOX,PEMASANGAN ELECTRIKAL FUSE BOX DI UNIT,PENDING,0,1,PEMASANGAN ELECTRIKAL FUSE BOX DI UNIT,Pemasangan kelistrikan fuse box pada unit dijadwalkan untuk dilanjutkan.
d658b297-68ab-5e54-8110-d3daab7410ae,2026-07-001,SMS_DB,ENGINE,SETTING ENGINE,PENDING,0,1,SETTING ENGINE PERSIAPAN TEST DRIVE,Penyetelan mesin sebagai persiapan test drive dijadwalkan untuk dilanjutkan.
388ecb1b-8d01-5246-bd61-6f9f4bc84745,2026-07-001,MANUAL,FUSE BOX,PERAPIHAN FUSEBOX DI UNIT,PENDING,0,1,PERAPIHAN FUSEBOX DI UNIT,Perapihan fuse box pada unit dijadwalkan untuk dilanjutkan.
1e6535d4-ba71-50f7-9f43-1451e0543d4d,2026-07-001,MANUAL,BAGASI,MERAPIKAN RUANGAN BAGASI DI UNIT,PENDING,0,1,MERAPIKAN RUANGAN BAGASI DI UNIT,Perapihan ruangan bagasi pada unit dijadwalkan untuk dilanjutkan.
d664af3e-a5f3-5943-a47e-84e5446a9d79,2026-07-002,SMS_DB,SAKLAR POWER WINDOW,PENGECEKAN DAN PERBAIKAN,DONE,100,1,PEMBONGKARAN + PENGECEKAN SAKLAR POWER WINDOWS PERSIAPAN REPAIR,Pembongkaran dan pengecekan saklar power window sebagai persiapan perbaikan telah selesai.
20da8f13-2641-5979-bc35-ee429ee4e5ab,2026-07-002,SMS_DB,ALL BODY,CLEANING,DONE,100,1,CLEANING ALL BODY PERSIAPAN DELIVERY.,Pembersihan seluruh bodi kendaraan sebagai persiapan penyerahan unit telah selesai.
e756c265-ffcd-5e6d-8602-c764662e7bee,2026-04-003,SMS_DB,SISTEM AC,PENGECEKAN KEBOCORAN,DONE,100,0,pengecekan ke bocoran AC bantu mekanik,Pengecekan ke bocoran AC bantu mekanik telah selesai.
deffaf98-59d2-5bdf-8d86-bd2ac4cf3f9c,2026-05-001,SMS_DB,KISI-KISI AC,REPAIR DAN PEMASANGAN,ON_PROGRESS,50,0,DI UNIT,Perbaikan dan pemasangan pada kisi-kisi AC masih dalam proses.
221b71b2-0c17-508b-b729-849d3497c7c4,2026-05-001,SMS_DB,UNIT,PELEPASAN JACKSTAND,DONE,100,0,DI UNIT,Pelepasan jackstand pada unit kendaraan telah selesai.
2adb94fa-57c8-570c-8796-97a92c8dfd7d,2026-05-001,SMS_DB,SWITCH HAZARD,PELEPASAN,DONE,100,0,PERSIAPAN PERBAIKAN,Pelepasan pada saklar hazard telah selesai.
504e13b7-bf87-5810-8061-49def983696c,2026-05-001,SMS_DB,STOPLAMP RH LH,REPAIR,DONE,100,0,DI UNIT,Perbaikan pada stoplamp kanan (rh) kiri (lh) telah selesai.
e73c7042-481f-55ee-80fa-487c78eb4751,2026-05-001,SMS_DB,SISTEM REM 4 RODA,BLEEDING,DONE,100,0,DI UNIT,Bleeding pada sistem rem 4 roda telah selesai.
c50716c3-e856-5102-8db9-fefb3802d600,2026-05-003,SMS_DB,DINAMO WIPER BELAKANG,PENGECEKAN DAN PERBAIKAN,DONE,100,0,PERBAIKAN SUSAH HIDUP,Perbaikan susah hidup telah selesai.
120d97c2-e651-5fb7-8ee8-2a63cd0fa441,2026-05-003,SMS_DB,SAKLAR DASHBOARD,PENGECEKAN DAN PERBAIKAN,ON_PROGRESS,50,0,DI UNIT,Pengecekan dan perbaikan pada saklar dashboard masih dalam proses.
a529548f-ecc6-51ac-8cf1-9116de0a32a8,2026-05-003,SMS_DB,DEK DASHBOARD BAGIAN BAWAH,PERAPIHAN DAN PEMASANGAN,ON_PROGRESS,50,0,DI UNIT,Perapihan dan pemasangan pada dek dashboard bagian bawah masih dalam proses.
8355cbe8-c787-5546-b005-ff426d040412,2026-05-003,SMS_DB,UNIT,CLEANING,DONE,100,0,DI UNIT + CEK KEKURANGNA,Pada unit dan pengecekan kekurangna telah selesai.
8b443e21-abf3-548a-ac4f-d9e4c88600b0,2026-06-004,SMS_DB,PERANGKAT ELEKTRIKAL,PERBAIKAN,ON_PROGRESS,50,0,DI UNIT,Perbaikan pada perangkat elektrikal masih dalam proses.
c569cf34-2a81-5725-84ed-ce9c0b9b157d,2026-06-004,SMS_DB,PERANGKAT ELEKTRIKAL,PERBAIKAN,ON_PROGRESS,50,0,DI UNIT,Perbaikan pada perangkat elektrikal masih dalam proses.
df64f9e1-337a-52d7-a6b8-207531aadb04,2026-06-004,SMS_DB,PERANGKAT ELEKTRIKAL,PENGECEKAN DAN PERBAIKAN,DONE,100,0,DI UNIT,Pengecekan dan perbaikan pada perangkat elektrikal telah selesai.
9d58f615-d289-5634-82f2-807f96b6a674,2026-06-004,SMS_DB,JALUR MIRROR,PEMASANGAN SKUN KABRL MIRROR RH,DONE,100,0,DI UNIT,Pemasangan skun kabel mirror RH pada jalur mirror telah selesai.
a8c56f09-2ab3-5df6-8fd4-b6db6bffc5ab,2026-06-004,SMS_DB,JALUR SPION RH,PREPARE DAN PEMASANGAN,ON_PROGRESS,50,0,DI UNIT,Persiapan dan pemasangan pada jalur spion kanan (rh) masih dalam proses.
8bef1152-acf2-5104-8262-2c7012d50921,2026-06-004,SMS_DB,JALUR SPION RH,REPAIR DAN PEMASANGAN,DONE,100,0,DI UNIT,Perbaikan dan pemasangan pada jalur spion kanan (rh) telah selesai.
30b013b5-e063-5c50-9e9b-d7df1e78c7b3,2026-06-004,SMS_DB,PERANGKAT ELEKTRIKAL,PERAPIHAN,ON_PROGRESS,50,0,DI UNIT,Perapihan pada perangkat elektrikal masih dalam proses.
853c3da6-0873-5bdb-bc05-91d220b740dd,2026-06-004,SMS_DB,FUEL SENDER,PERBAIKAN DAN PEMASANGAN,DONE,100,0,DI UNIT,Perbaikan dan pemasangan pada fuel sender telah selesai.
57e33b22-a843-51c1-967d-fcde52e4b700,2026-06-004,SMS_DB,UNIT,PREPARE,DONE,100,0,PERSIAPAN TEST DRIVE,Persiapan test drive telah selesai.
6cc89384-0254-589c-a427-6df5fe1a875d,2026-06-004,SMS_DB,LAMPU MUNDUR,PENGECEKAN DAN PERBAIKAN,ON_PROGRESS,50,0,DI UNIT,Pengecekan dan perbaikan pada lampu mundur masih dalam proses.
f0dfb64a-5368-5b53-b98e-1b0922d82edc,2026-06-004,SMS_DB,LAMPU MUNDUR,PENGECEKAN DAN PERBAIKAN,DONE,100,0,TELUSURI JALUR KABEL,Telusuri jalur kabel telah selesai.
29fbde88-bbf5-5134-908b-abdb3619b654,2026-07-001,SMS_DB,PERANGKAT ELEKTRIKAL,PERAPIHAN,ON_PROGRESS,50,0,AREA ENGINE BAY,Area mesin bay masih dalam proses.
dcc1b71a-28f4-53ae-88dc-4514c3c63c30,2026-07-001,SMS_DB,SPION LH,PERECAHAN DAN REPAIR,ON_PROGRESS,50,0,PERSIAPAN PEMASANGAN,Pembongkaran dan perbaikan pada spion kiri (lh) masih dalam proses.
137400f3-4b55-5187-94a2-f1058f5c7f42,2026-07-001,SMS_DB,PERANGKAT ELEKTRIKAL,PERAPIHAN,DONE,100,0,DI UNIT,Perapihan pada perangkat elektrikal telah selesai.
ff123e27-e20f-50a6-9356-45809859d237,2026-07-001,SMS_DB,KABEL JALUR SISTEM AC,PERAPIHAN,DONE,100,0,DI UNIT,Perapihan pada kabel jalur sistem AC telah selesai.
0563e64e-6e14-5010-acd1-9d42c779aa52,2026-07-001,SMS_DB,FOG LAMP,PENGECEKAN DAN PERBAIKAN,DONE,100,0,DI UNIT,Pengecekan dan perbaikan pada fog lamp telah selesai.
71d0c5bd-27c8-511e-9645-3f3a62986666,2026-07-002,SMS_DB,WASHER HEADLAMP,PENGECEKAN,ON_PROGRESS,50,0,PENGECEKAN KABEL POMPA WASHER,Pengecekan kabel pompa washer masih dalam proses.
dccb2d4c-0191-59bc-b94a-d7cab1cf555e,2026-07-002,SMS_DB,BOOT DRIVE SHAFT,PENGENCANGAN,DONE,100,0,PENGENCANGAN KLEM BOOT DRIVE SHAFT,Pengencangan klem boot drive shaft telah selesai.
f3661185-a231-5554-8531-95b96edd6f26,2026-07-002,SMS_DB,RADIO,PENGECEKAN,DONE,100,0,DI UNIT,Pengecekan pada radio telah selesai.
a9ab3a13-2049-519d-91e4-0e8bafc283bc,2026-07-002,SMS_DB,CENTRAL LOCK,PENGECEKAN,DONE,100,0,DI UNIT,Pengecekan pada central lock telah selesai.
a478cbec-2e0d-54f6-9e2d-892260e44d1e,2026-07-002,SMS_DB,MODUL CENTRAL LOCK,PEMBONGKARAN DAN PENGECEKAN,DONE,100,0,DI UNIT,Pembongkaran dan pengecekan pada modul central lock telah selesai.
f28aefab-6f45-5fdc-8b4f-06be9acd08dc,2026-07-002,SMS_DB,MODUL CENTRAL LOCK,PEMASANGAN DAN PERAPIHAN,DONE,100,0,DI UNIT,Pemasangan dan perapihan pada modul central lock telah selesai.
1b80a3be-7e27-5277-bce1-b85b4955716c,2026-04-001,SMS_DB,SISTEM AC,FLUSHING CONDENSOR DAN PELEPASAN COMPRESSOR AC,DONE,100,0,Flushing condensor dan pelepasan compresor AC,Flushing kondensor dan pelepasan compresor AC telah selesai.
da3a1fa3-e429-5377-8347-35b4b0e3efd5,2026-04-001,SMS_DB,UNIT,PREPARE DAN CLEANING,DONE,100,0,PERSIAPAN KEDATANGAN TAMU,Persiapan kedatangan tamu telah selesai.
fd707f59-699e-55b1-ae87-ec1a4d66fef2,2026-04-002,SMS_DB,SISTEM AC,"PEMASANGAN DRYER,PEMASANGAN RESISTOR BLOWER,CEK KEBOCORAN JALUR AC",ON_PROGRESS,50,0,Sister air conditioner,Sistem air conditioner masih dalam proses.
41d6bba4-c926-5ea4-b6a1-cc437e9fefb4,2026-04-002,SMS_DB,SISTEM AC,PENGISIAN FREON,ON_PROGRESS,50,0,Dan cek fungsi sistem ac,Dan pengecekan fungsi sistem AC masih dalam proses.
56fe04f6-6f6c-565c-8116-a5c223fc3c80,2026-04-002,SMS_DB,UNIT,PEMASANGAN JACKSTAND,DONE,100,0,PEMASANGAN JACKSTAND PADA UNIT,Pemasangan jackstand pada unit telah selesai.
c9198d50-3ee9-5983-84f6-50fe02a49840,2026-04-002,SMS_DB,UNIT,PREPARE & JACK STAND UNIT,DONE,100,0,PREPARE REPAIR JALUR AC,Persiapan perbaikan jalur AC telah selesai.
15509733-40e5-5bee-9608-9558469b2dca,2026-04-002,SMS_DB,PIPA AC,SETTING,ON_PROGRESS,50,0,Dan jalurkan,Dan jalurkan masih dalam proses.
7b4002d6-3e79-5c11-81f2-eba91b7cc21e,2026-04-002,SMS_DB,SISTEM AC,MAKING JAUR PIPA,ON_PROGRESS,50,0,Making jalur pipa ac,Pembuatan jalur pipa AC masih dalam proses.
687e71d8-9e2a-505d-93ab-c040e7d576c3,2026-04-002,SMS_DB,PIPA AC,PERAPIHAN DAN CEK KEBOCORAN,DONE,100,0,PERAPIHAN JALUR PIPA AC DAN CEK KEBOCORAN AC BANTU MEKANIK,Perapihan jalur pipa AC dan pengecekan kebocoran AC bantu mekanik telah selesai.
811ea5ec-4d41-51b0-9602-795412a0e40e,2026-04-002,SMS_DB,SISTEM AC,INSTALASI PIPA AC,ON_PROGRESS,50,0,Dan cek kebocoran,Dan pengecekan kebocoran masih dalam proses.
8f7e507e-308b-5277-b2d8-0e65471edeeb,2026-04-003,SMS_DB,SISTEM AC,SETTING CONDENSOR,DONE,100,0,Pengecekan fungsional ac,Pengecekan fungsional AC telah selesai.
eb3c8423-b746-5354-833b-f79c5f5990f5,2026-04-003,SMS_DB,SISTEM AC,PEMASANGAN PIPA CONDENSOR AC DAN CEK KEBOCORAN,DONE,100,0,Pemasangan pipa condensor ac dan cek kebocoran,Pemasangan pipa kondensor AC dan pengecekan kebocoran telah selesai.
5beebf3f-35a2-5e8b-9e82-c55e06160243,2026-04-003,SMS_DB,COVER SIDE SKIRT,INSTALASI,DONE,100,0,KE UNIT,Pemasangan pada cover side skirt telah selesai.
53f79580-89ec-5ef1-9563-969ab1ab8ce5,2026-04-003,SMS_DB,COVER TUTUP FUEL TANK,INSTALASI,DONE,100,0,KE UNIT,Pemasangan pada cover tutup fuel tank telah selesai.
1f5938e8-fc7e-5bc7-93a3-d52ab0f88011,2026-04-003,SMS_DB,SISTEM AC,PELEPASAN PERANGKAT AC,DONE,100,0,Persiapan painting,Persiapan painting telah selesai.
a18c55fc-327b-5730-b1d7-621d5a3eebdb,2026-05-001,SMS_DB,SISTEM AC,INSTALASI PERANGKAT AC,DONE,100,0,Cek kebocoran dan pengisia freon,Pengecekan kebocoran dan pengisia freon telah selesai.
bcf4c472-2579-5938-8515-495bfed86c5e,2026-05-001,SMS_DB,SISTEM AC,PERAPIHAN,ON_PROGRESS,50,0,Perapihan perangkat ac,Perapihan perangkat AC masih dalam proses.
a0f97ee5-74f6-5896-9bf0-95aca47b5320,2026-05-001,SMS_DB,SISTEM AC,PENGISIAN FREON,DONE,100,0,Pengisian freon,Pengisian freon telah selesai.
bff9aad7-7c63-5663-9a51-ab766391069f,2026-05-001,SMS_DB,UNIT,PELEPASAN JACK STAND,DONE,100,0,PELEPASAN JACK STAND DARI UNIT,Pelepasan jack stand dari unit telah selesai.
73802d4e-8867-576e-9835-6bd368b1ee4b,2026-05-001,SMS_DB,SWITCH HAZARD,PELEPASAN,DONE,100,0,PELEPASAN SWITCH HAZARD BANTU MEKANIK,Pelepasan saklar hazard bantu mekanik telah selesai.
de282b11-1b2d-5327-a50b-954b66c35f2c,2026-05-001,SMS_DB,SISTEM AC,PERAPIHAN DOP DAN GROMET AC,DONE,100,0,PERAPIHAN,Perapihan telah selesai.
4db801a4-9bdb-5a9d-8e4b-4d50d9874a2c,2026-05-001,SMS_DB,SWITCH REM,PENGECEKAN,DONE,100,0,Pengecekan dan pelepasan,Pengecekan dan pelepasan telah selesai.
9e9814fa-cd79-5653-9164-f14ddef854c6,2026-05-001,SMS_DB,UNIT,JACKSTAND UNIT & LEPAS RODA DEPAN BELAKANG,DONE,100,0,PREPARE BREDING REM,Persiapan breding rem telah selesai.
05ddde87-9c2f-5096-a579-12fd6d4cc84e,2026-05-001,SMS_DB,UNIT,JACK STAND UNIT,DONE,100,0,JACKSTAND UNIT PERSIAPAN BLEEDING SISTEM REM,Jackstand unit sebagai persiapan bleeding sistem rem telah selesai.
1b709081-49b7-55d9-8d77-9bb7ed74df1a,2026-05-001,SMS_DB,BRAKE,PREPARE & BREEDING REM,DONE,100,0,PREPARR TEST DRIVE,Preparr test drive telah selesai.
42757a72-0987-5e4a-b5ee-ea0c43cfc537,2026-05-001,SMS_DB,UNIT,"PELEPASAN DAN PEMASANGAN BAN CADANGAN, PELEPASAN ACCU",DONE,100,0,DI UNIT,"Pelepasan dan pemasangan ban cadangan, pelepasan ACcu pada unit kendaraan telah selesai."
3fcd0c2c-c16c-591e-82f2-3304ed73873d,2026-05-002,SMS_DB,UNIT,"TURUN JACK STAND, PREPARE UNIT",DONE,100,0,UNTUK TEST DRIVE,Untuk test drive telah selesai.
712b9d41-f5c4-596a-94ee-4044568c32ce,2026-05-002,SMS_DB,UNIT,TURUN JACK STAND,DONE,100,0,PERSIAPAN TEST DRIVE,Persiapan test drive telah selesai.
a3eed26a-4270-5e3e-a953-da09ce68ad29,2026-05-002,SMS_DB,UNIT,JACK STAND UNIT,DONE,100,0,PERSIAPAN PEMASANGAN CLAMP PIPA AC,Persiapan pemasangan clamp pipa AC telah selesai.
0e2e713b-1e94-5213-86db-e1b025440ff1,2026-05-002,SMS_DB,UNIT,JACK STAND UNIT,DONE,100,0,JACK STAND UNIT PERSIAPAN PENGECEKAN KEBOCORAN PIPA AC,Jack stand unit sebagai persiapan pengecekan kebocoran pipa AC telah selesai.
013ee900-15ba-5b07-b381-55f57b80910d,2026-05-003,SMS_DB,WIPER,PREPARE DAN PENGECEKAN,DONE,100,0,PREPARE DAN PENGECEKAN PERANGKAT WIPER BANTU MEKANIK,Persiapan dan pengecekan perangkat wiper bantu mekanik telah selesai.
63f4d86a-65e5-5f54-9e22-b15b19bc1f97,2026-05-003,SMS_DB,UNIT,PENGARAHAN DAN INCHARGE,DONE,100,0,PERSIAPAN PROGRESS,Pengarahan dan pengawasan pekerjaan pada unit kendaraan telah selesai.
ea16a5e0-a5c3-5299-a29d-15ee4a1203d1,2026-05-003,SMS_DB,ANGGOTA,KONTROL + INCHARGE,DONE,100,0,PERSIAPAN PROGRESS,Pengawasan pekerjaan pada koordinasi anggota tim telah selesai.
d98b13ce-c934-5b8d-9b28-1fa65c25a44c,2026-05-003,SMS_DB,ENGINE,LEPAS & PASANG BUSI,DONE,100,0,DI UNIT,Pelepasan dan pemasangan busi pada mesin telah selesai.
24cecb14-7ba2-5300-b140-9a5d7af4c9bd,2026-05-004,SMS_DB,PART SISTEM AC,PERAPIHAN DAN PENYIMPANAN,DONE,100,0,PERAPIHAN DAN PENYIMPANAN PART AC,Perapihan dan penyimpanan part AC telah selesai.
8d26a586-3801-5d4e-90e1-6db39ba20bcc,2026-05-004,SMS_DB,COVER FUSE BOX,PEMASANGAN,DONE,100,0,PEMASANGAN COVER FUSE BOX,Pemasangan cover fuse box telah selesai.
63d98bf4-c175-5663-b31c-d9ceb89d7724,2026-05-004,SMS_DB,UNIT,"PENGKONDISIAN UNIT, JACK STAND UNIT, DAN TURUN JACK STAND",DONE,100,0,"PENGKONDISIAN UNIT, JACK STAND UNIT, DAN TURUN JACK STAND","Pengkondisian unit, jack stand unit, dan turun jack stand telah selesai."
3c9c20cf-a1a2-562a-a209-74f0af84fd2b,2026-06-001,SMS_DB,SYSTEM COOL START,PENGECHECKAN PERANGKAT COOL START,ON_PROGRESS,50,0,"COOL START VALVE, WARM UP REGURATOR, AUXILIARY AIR REGULATOR","Cold start valve, warm up regulator, auxiliary air regulator masih dalam proses."
2c51b0d8-63bb-5c99-acf2-72ba854e11a6,2026-06-001,SMS_DB,PERANGKAT COOL START,CHECK,ON_PROGRESS,50,0,WIRRING COOL START,Wirring cold start masih dalam proses.
189c9f52-430f-599a-9666-e415689cf45c,2026-06-001,SMS_DB,ALL PART,PENYIMPANAN,DONE,100,0,PENYIMPANAN PART KE GUDANG,Penyimpanan part ke gudang telah selesai.
8eafe60d-53d1-5869-849d-ccd22cdb0d9b,2026-06-001,SMS_DB,"PERANGKAT ENGINE , ENGINE","PEMASANGAN, RUNNING & CHECK FUNGSI COOLSTART",DONE,100,0,"SETELAH CHECK FUNGSI WARM UP REGULATOR, ASS & COOL START","Setelah pengecekan fungsi warm up regulator, ass dan cold start telah selesai."
7429a19a-eec3-5561-9826-4ec988164ef8,2026-06-002,SMS_DB,SHOCK ABSORBER,PELEPASAN DAN PEMASANGAN,DONE,100,0,PELEPASAN SHOCK ABSORBER LAMA DAN PEMASANGAN SHOCK ABSORBER BARU DI KAP BAGASI BANTU MEKANIK,Pelepasan shock absorber lama dan pemasangan shock absorber baru di kap bagasi bantu mekanik telah selesai.
2e1a03fb-42f7-5e67-9072-26796bcef9ff,2026-06-002,SMS_DB,FUEL DISC & HOUSING,PEMASANGAN,DONE,100,0,PREPARE PEMASANGAN KE UNIT,Persiapan pemasangan ke unit telah selesai.
45c50c79-44fd-5af7-a0cd-a888cbc4ef02,2026-06-002,SMS_DB,INLET TURBO,"BUAT PAKING 2 PCS, CLEANING PART, PERAKITAN",DONE,100,0,PREPARE PEMASANGAN KE UNIT,Persiapan pemasangan ke unit telah selesai.
29d130f2-dfdf-5d4f-8ded-2d3c51609655,2026-06-002,SMS_DB,AREA KERJA,PERAPIHAN,DONE,100,0,DI UNIT,Perapihan pada area kerja telah selesai.
b9ba4cab-7a15-5f98-bb29-79faf23f5233,2026-06-002,SMS_DB,MIXTURE CONTROL UJIT AIR CLEANER,"PELEPASAN DARI UNIT, PERECAHAN, ANALISA KERUSAKAN, MAKING PAKING, PERAKITAN",DONE,100,0,PREPARE PEMASANGAN KE UNIT,Persiapan pemasangan ke unit telah selesai.
4072b0d5-349c-52cd-822f-0f0c1fee2c9f,2026-06-002,SMS_DB,MIXTURE CONTROL UJIT AIR CLEANER,PEMASANGAN KE UNIT,DONE,100,0,PREPARE RUNNING ENGINE,Persiapan uji fungsi mesin telah selesai.
29fcad90-12e7-5b1d-89ec-a84995c0b6e3,2026-06-002,SMS_DB,BUSI (SPARK PLUG),"PELEPASAN, CLEANING & PEMASANGAN",DONE,100,0,DI UNIT,"Pelepasan, pembersihan dan pemasangan pada busi (spark plug) telah selesai."
c2efe4ab-6faa-58da-95c6-a76de94060df,2026-06-002,SMS_DB,ENGINE,RUNNING & SETTING ENGINE,ON_PROGRESS,50,0,PREPARE TEST DRIVE,Persiapan test drive masih dalam proses.
9db93319-a8ff-568c-ba85-6fa1a266b9d8,2026-06-002,SMS_DB,RELAY FUEL PUMP,CEK JALUR DAN ANALISA KERUSAKAN,DONE,100,0,Cek jalur dan analisa kerusakan,Pengecekan jalur dan analisa kerusakan telah selesai.
afea22c1-7fc0-5917-a96a-1009c62369ab,2026-06-002,SMS_DB,FUEL PUMP RELAY,REPAIR JALUR,ON_PROGRESS,50,0,Repair jalur,Perbaikan jalur masih dalam proses.
346839a9-4754-529f-aafc-2681f69d3fee,2026-06-003,SMS_DB,KABEL RELAY FUEL PUMP,REPAIR DAN JALURKAN,ON_PROGRESS,50,0,Repair dan jalurkan,Perbaikan dan jalurkan masih dalam proses.
ee051350-4728-5baf-ae40-dab07d91fa82,2026-06-003,SMS_DB,KABEL BODY ENGINE,REPAIR,ON_PROGRESS,50,0,REPAIR,Perbaikan masih dalam proses.
1ec580cb-f362-5214-be82-f6962278b458,2026-06-003,SMS_DB,ALL PART,PERAPIHAN DAN PENYIMPANAN,DONE,100,0,KE GUDANG,Ke gudang telah selesai.
086e5a5e-b139-5129-87c9-25e997d5efa2,2026-06-003,SMS_DB,SWITCH CUT OF DI FUEL DISC,"ANALISA, SETTING & PEMASANGAN KE UNIT",DONE,100,0,PREPARE RUNNING ENGINE,Persiapan uji fungsi mesin telah selesai.
b48bd386-09e5-5319-892f-98dde07f9b76,2026-06-003,SMS_DB,FUEL DISTRIBUTOR,"PELEPASAN,SETTING SWITCH DAN PEMASANGAN",DONE,100,0,DI UNIT,"Pelepasan, penyetelan switch dan pemasangan pada fuel distributor telah selesai."
cc7f4ef1-f937-5c9a-a1c2-c5c2b2e4f2d7,2026-06-003,SMS_DB,KABEL ENGINE,REPAIR KABEL BODY ENGINE,ON_PROGRESS,50,0,Repair kabe bagian relay fuel pump,Perbaikan kabe bagian relay pompa bensin masih dalam proses.
905f8850-e4cb-5a1a-94c8-45f35a5128f9,2026-06-003,SMS_DB,KABEL RELAY FUEL PUMP,PERAPIHAN,ON_PROGRESS,50,0,PERAPIHAN,Perapihan masih dalam proses.
99e90e2f-bd34-59ea-9410-b778536155bf,2026-06-004,SMS_DB,UNIT,PEMINDAHAN,DONE,100,0,BANTU PEMINDAHAN UNIT KE WS 2,Bantu pemindahan unit ke ws 2 telah selesai.
402ab946-598c-56ad-aa5d-dca46b96ba15,2026-06-004,SMS_DB,AREA KERJA,PERAPIHAN,DONE,100,0,PERAPIHAN AREA KERJA,Perapihan area kerja telah selesai.
347f9862-21e2-54dd-99fe-a1cd5dc1894c,2026-06-004,SMS_DB,FUEL PUMP,SETTING KABEL,ON_PROGRESS,50,0,Bagian fuel pump,Penyetelan kabel pada fuel pump masih dalam proses.
de16fece-76ea-5207-866f-9052c65e44a3,2026-06-004,SMS_DB,FUSE BOX,REPAIR,DONE,100,0,Repair fuse box,Perbaikan fuse box telah selesai.
a6c6e018-7da6-502d-99d1-b999c7e9716c,2026-06-004,SMS_DB,ENGINE,JUMP START,DONE,100,0,JUMP START ENGINE BANTU MEKANIK,Jump start mesin bantu mekanik telah selesai.
7c688273-4a12-5f99-88d2-1b8710b247d6,2026-06-004,SMS_DB,FUSE BOX,SETTING FUSE BOX,ON_PROGRESS,50,0,Dan repair kabel fuse box,Dan perbaikan kabel fuse box masih dalam proses.
be78c93e-8253-50d7-8e1c-f8f3929499e1,2026-06-004,SMS_DB,UNIT,KONTROL + INCHARGE,DONE,100,0,PERSIAPAN PROGRESS,Pengawasan pekerjaan pada unit kendaraan telah selesai.
c9b40243-688c-5549-b7e0-6b5e7dd39950,2026-06-004,SMS_DB,AREA KERJA,PERAPIHAN,DONE,100,0,PERAPIHAN AREA KERJA,Perapihan area kerja telah selesai.
4f0cbb5b-3c93-550d-ab6f-a4502c4cb76b,2026-06-004,SMS_DB,ENGINE,"CHECK DEBIT KE WARM UP REGURATOR, SETTING BASE FUEL DISCK, SETTING TROTEL POSISION SENSOR, RUNNING ENGINE",DONE,100,0,PREPARE TEST DRIVE,Persiapan test drive telah selesai.
5e8bf5b7-628c-5984-b924-eb9ab1f9a077,2026-06-004,SMS_DB,AREA KERJA,PERAPIHAN,DONE,100,0,PERAPIHAN AREA KERJA,Perapihan area kerja telah selesai.
95718a4e-03b7-5217-a0a3-cf80b526a8ef,2026-06-004,SMS_DB,INLET TURBO,PEMASANGAN,DONE,100,0,PERSIAPAN TEST DRIVE,Persiapan test drive telah selesai.
dff9ac91-c9a0-5be3-b8b6-e8f89921d71b,2026-06-004,SMS_DB,AREA KERJA,PERAPIHAN,DONE,100,0,PERAPIHAN AREA KERJA,Perapihan area kerja telah selesai.
b5b7da06-c71a-59a9-a9ee-1980383b79fd,2026-06-004,SMS_DB,FUSE BOX,PEMASANGAN FUSE BOX BAGIAN DEPAN,ON_PROGRESS,50,0,Area bagasi,Area bagasi masih dalam proses.
e920fe7f-aff2-5b7f-8a72-5106e1ed5d1c,2026-06-004,SMS_DB,UNIT,GENERAL CEK KELISTRIKAN,ON_PROGRESS,50,0,PERSIAPAN TEST DRIVE,Persiapan test drive masih dalam proses.
d964bb24-7398-5199-90b3-0e00fdd2715f,2026-06-004,SMS_DB,AREA KERJA,PERAPIHAN,DONE,100,0,PERAPIHAN AREA KERJA,Perapihan area kerja telah selesai.
a7c20837-fa1e-596e-a718-91bfd2c22760,2026-06-004,SMS_DB,UNIT,INCHARGE + TEST DRIVE,DONE,100,0,PERSIAPAN PROGRESS,Pengawasan pekerjaan dan test drive pada unit kendaraan telah selesai.
510e1714-873b-502f-8062-a7500907e0b8,2026-06-004,SMS_DB,UNIT,CLEANING,DONE,100,0,PERSIAPAN TEST DRIVE,Persiapan test drive telah selesai.
25b26efc-036a-502d-b0ee-bcf252f64242,2026-06-004,SMS_DB,TUAS TRANSMISI,"SETTING RPM, SETTING TUAS TRANSMISI",DONE,100,0,PERBAIKAN KEKURANAGAN HASIL TEST DRIVE,Perbaikan kekurangan setelah test drive telah selesai.
45ea9300-18df-5162-a2ab-9f6dd90bcd54,2026-06-004,SMS_DB,AREA KERJA,PERAPIHAN,DONE,100,0,PERAPIHAN AREA KERJA,Perapihan area kerja telah selesai.
7f65ddea-2854-5750-b909-3e0aa90cbf7b,2026-06-004,SMS_DB,UNIT,KONTROL + INCHARGE,DONE,100,0,PERSIAPAN PROGRESS,Pengawasan pekerjaan pada unit kendaraan telah selesai.
36f3563b-5c7e-5db5-89e1-4fca090a527a,2026-07-001,SMS_DB,ALL PART,PREPARE DAN PENYIMPANAN,DONE,100,0,PREPARE DAN PENYIMPANAN PART KE GUDANG,Persiapan dan penyimpanan part ke gudang telah selesai.
6ae4fd54-4d4d-53cf-96e9-02147c40a5f7,2026-07-001,SMS_DB,UNIT,PENGECEKAN,DONE,100,0,PENGECEKAN UNIT DAN TEKANAN ANGIN BAN,Pengecekan unit dan tekanan angin ban telah selesai.
9d868c04-94fc-5054-bcf0-d60050c38ce6,2026-07-001,SMS_DB,KABEL ENGINE,CEK ARUS KE SENSOR SENSOR ENGINE,DONE,100,0,Persiapn settimg engine,Persiapan penyetelan mesin telah selesai.
338da050-e61a-5ce5-9c07-a3196c2e6aeb,2026-07-002,SMS_DB,CLAMP BOOT BELAKANG DRIVE SHAFT LH,JACK STAND UNIT DAN PENGENCANGAN,DONE,100,0,"JACK STAND UNIT, PENGECEKAN DAN PENGENCANGAN CLAMP BOOT BELAKANG DRIVE SHAFT LH BANTU MEKANIK","Jack stand unit, pengecekan dan pengencangan clamp boot belakang drive shaft LH bantu mekanik telah selesai."
42d39957-975b-5bae-ba36-f17870b1f613,2026-07-002,SMS_DB,UNIT,CLEANING,DONE,100,0,"CLEANING UNIT, PENGECEKAN TEKANAN ANGIN BAN, DAN PENGECEKAN KEKENCANGAN BAUT RODA","Pembersihan unit, pengecekan tekanan angin ban, dan pengecekan kekencangan baut roda telah selesai."
1debe322-94a1-5bfb-b031-b658f343aba3,2026-07-002,SMS_DB,RADIO DAN CENTRAL LOCK,CEK FUNGSIONAL DAN JALUR,DONE,100,0,Pengecekan,Pengecekan telah selesai.
f8a717f9-583a-5599-aa33-1b37c9ae1cc0,2026-04-002,SMS_DB,PIPA AC,PENGELASAN,ON_PROGRESS,50,0,DI BAGIAN YANG BOCOR,Di bagian yang bocor masih dalam proses.
096d9b41-8e60-50f4-93e9-f085ff856c26,2026-04-003,SMS_DB,PIPA AC,PENGELASAN,DONE,100,0,6 PCS,Pengelasan pada pipa AC telah selesai.
27f6558c-5b69-598a-9530-eece98b88a1b,2026-04-003,SMS_DB,MEKANISME LOCK TUTUP FUEL GAS,PEMASANGAN,ON_PROGRESS,50,0,PEMASANGAN MEKANISME LOCK TUTUP FUEL GAS,Pemasangan mekanisme lock tutup fuel gas masih dalam proses.
ce8b2e01-da94-52b4-9a12-fa0c9de12758,2026-05-001,SMS_DB,COVER KONDENSOR SISTEM AC,MAKING + SETTING,ON_PROGRESS,50,0,MAKING + SETTING COVER KONDENSOR AC,Pembuatan dan penyetelan cover kondensor AC masih dalam proses.
c7532d6a-2a2d-572e-8f03-ce91212e80e3,2026-05-001,SMS_DB,COVER KONDENSOR SISTEM AC,MAKING + SETTING,ON_PROGRESS,50,0,MAKING + SETTING COVER KONDENSOR AC,Pembuatan dan penyetelan cover kondensor AC masih dalam proses.
3b7abd29-3688-597d-b524-e75a9330b6f8,2026-05-001,SMS_DB,COVER KONDENSOR SISTEM AC,MAKING + SETTING,ON_PROGRESS,50,0,MAKING + SETTING COVER KONDENSOR AC,Pembuatan dan penyetelan cover kondensor AC masih dalam proses.
ba6dbdd4-f999-5973-b856-068451a03106,2026-05-001,SMS_DB,COVER KONDENSOR SISTEM AC,MAKING + SETTING,ON_PROGRESS,50,0,MAKING + SETTING COVER KONDENSOR AC,Pembuatan dan penyetelan cover kondensor AC masih dalam proses.
2da7389a-1ca5-523a-86f9-7e082e3991e5,2026-05-001,SMS_DB,COVER KONDENSOR SISTEM AC,MAKING + SETTING,ON_PROGRESS,50,0,MAKING + SETTING COVER KONDENSOR AC,Pembuatan dan penyetelan cover kondensor AC masih dalam proses.
89a2ea54-ca7b-5462-acf8-75e004f2f22b,2026-05-001,SMS_DB,COVER KONDENSOR SISTEM AC,MAKING + SETTING,ON_PROGRESS,50,0,MAKING + SETTING COVER KONDENSOR AC,Pembuatan dan penyetelan cover kondensor AC masih dalam proses.
94bedb10-ba93-57f7-b765-b79fc8ffef81,2026-05-001,SMS_DB,COVER KONDENSOR SISTEM AC,MAKING + SETTING,ON_PROGRESS,50,0,MAKING + SETTING COVER KONDENSOR AC,Pembuatan dan penyetelan cover kondensor AC masih dalam proses.
e5c6bd7b-3fcc-543e-a816-30ecd2b16305,2026-05-001,SMS_DB,COVER KONDENSOR SISTEM AC BAGIAN BAWAH,PENGELASAN DAN PERAPIHAN,ON_PROGRESS,50,0,PENGELASAN DAN PERAPIHAN BRACKET COVER KONDENSOR AC BAGIAN BAWAH + SETTING COVER KONDENSOR AC ( TINGGAL PERAPIHAN),Pengelasan dan perapihan bracket cover kondensor AC bagian bawah dan penyetelan cover kondensor AC ( tinggal perapihan) masih dalam proses.
2fba8c04-e1aa-5aaa-a8f2-d09d61a22730,2026-05-002,SMS_DB,KLEM PIPA AC,MAKING + SETTING,ON_PROGRESS,50,0,3 PCS,Pembuatan dan penyetelan pada klem pipa AC masih dalam proses.
e313d745-fab5-5fd7-ac97-5cea096d081b,2026-05-002,SMS_DB,KLEM PIPA AC,MAKING + SETTING,DONE,100,0,3 PCS,Pembuatan dan penyetelan pada klem pipa AC telah selesai.
4fd739a7-d7cd-50a3-94a9-44a4af82bf14,2026-05-002,SMS_DB,KLEM PIPA AC,MAKING + SETTING,DONE,100,0,1 PCS BAGIAN BELAKANG,Pembuatan dan penyetelan satu klem pipa AC bagian belakang telah selesai.
d156495d-ddbd-564c-ac37-b0d338e068d8,2026-05-002,SMS_DB,KLEM PIPA AC,PELEPASAN DAN PERAPIHAN,DONE,100,0,PELEPASAN DAN PERAPIHAN KLEM PIPA AC,Pelepasan dan perapihan klem pipa AC telah selesai.
93ef7c0c-f3b3-50e8-97b2-6229ee9e96a4,2026-06-001,SMS_DB,"HANDLE PINTU RH, SPION RH DAN HEADLAMP RH",PELEPASAN,DONE,100,0,"PELEPASAN HANDLE PINTU RH, SPION RH , HEADLAM RH","Pelepasan handle pintu RH, spion kanan (RH), headlamp kanan (RH) telah selesai."
c160451d-b7fe-591a-840e-cb5306a23bb8,2026-06-001,SMS_DB,DOORTRIM DEPAN RH,PELEPASAN,DONE,100,0,PELEPASAN DOORTRIM DEPAN RH DARI UNIT,Pelepasan door trim depan RH dari unit telah selesai.
a0d11de1-e406-57f5-97ec-8a40ae598f84,2026-06-002,SMS_DB,TRIM BELAKANG SAMPING RH/LH,PEMASANGAN,DONE,100,0,PEMASANGAN TRIM SAMPING RH/LH DI UNIT DAN CEK MEKANISME SAFETY BELT,Pemasangan trim samping RH/LH pada unit dan pengecekan mekanisme sabuk keselamatan telah selesai.
